,clean company name,original company names,original row number,company matches,fuzz ratio
0,aaipharma,AAIPHARMA LLC,3,['aaipharma'],[100]
1,abbott,ABBOTT LABS,4,['abbott'],[100]
2,abbvie,"ABBVIE, ABBVIE INC","5, 8","['abbvie', 'abbvie'], ['abbvie', 'abbvie']","[100, 100], [100, 100]"
3,abbvie endocrine,"ABBVIE ENDOCRINE, ABBVIE ENDOCRINE INC","6, 7","['abbvie endocrine', 'abbvie endocrine'], ['abbvie endocrine', 'abbvie endocrine']","[100, 100], [100, 100]"
4,abhai,"ABHAI INC, ABHAI LLC","9, 10","['abhai', 'abhai'], ['abhai', 'abhai']","[100, 100], [100, 100]"
5,abraxis bioscience,ABRAXIS BIOSCIENCE,11,['abraxis bioscience'],[100]
6,accord,"ACCORD HLTHCARE, ACCORD HLTHCARE INC","12, 13","['accord', 'accord'], ['accord', 'accord']","[100, 100], [100, 100]"
7,acetylene oxygene,ACETYLENE OXYGENE CO,14,['acetylene oxygene'],[100]
8,aci,ACI HEALTHCARE LTD,15,['aci'],[100]
9,acic,ACIC PHARMS,17,['acic'],[100]
10,acic fine chems,ACIC FINE CHEMS,16,['acic fine chems'],[100]
11,acme,ACME LABS,18,['acme'],[100]
12,acorda,ACORDA,19,['acorda'],[100]
13,acs dobfar,"ACS DOBFAR, ACS DOBFAR SPA","20, 22","['acs dobfar', 'acs dobfar'], ['acs dobfar', 'acs dobfar']","[100, 100], [100, 100]"
14,acs dobfar info,ACS DOBFAR INFO SA,21,['acs dobfar info'],[100]
15,actavis,"ACTAVIS INC, ACTAVIS LLC, ACTAVIS PHARMA","25, 30, 32","['actavis', 'actavis', 'actavis'], ['actavis', 'actavis', 'actavis'], ['actavis', 'actavis', 'actavis']","[100, 100, 100], [100, 100, 100], [100, 100, 100]"
16,actavis elizabeth,ACTAVIS ELIZABETH,23,['actavis elizabeth'],[100]
17,actavis fl,"ACTAVIS LABS FL, ACTAVIS LABS FL INC","26, 27","['actavis fl', 'actavis fl'], ['actavis fl', 'actavis fl']","[100, 100], [100, 100]"
18,actavis grp,ACTAVIS GRP PTC,24,['actavis grp'],[100]
19,actavis mid atlantic,ACTAVIS MID ATLANTIC,31,['actavis mid atlantic'],[100]
20,actavis ny,ACTAVIS LABS NY INC,28,['actavis ny'],[100]
21,actavis totowa,ACTAVIS TOTOWA,33,['actavis totowa'],[100]
22,actavis totowa teva,ACTAVIS TOTOWA TEVA,34,['actavis totowa teva'],[100]
23,actavis ut,ACTAVIS LABS UT INC,29,['actavis ut'],[100]
24,actelion,ACTELION PHARMS LTD,35,['actelion'],[100]
25,adapt,ADAPT,36,['adapt'],[100]
26,aegerion,AEGERION,37,['aegerion'],[100]
27,agila speclts,AGILA SPECLTS,38,['agila speclts'],[100]
28,agouron,AGOURON PHARMS,39,['agouron'],[100]
29,ailex,AILEX PHARMS LLC,40,['ailex'],[100]
30,aiping,AIPING PHARM INC,41,['aiping'],[100]
31,air chemicals,AIR PRODUCTS AND CHEMICALS INC,47,['air chemicals'],[100]
32,air liquid industrial,AIR LIQUID INDUSTRIAL US LP,42,['air liquid industrial'],[100]
33,air liquide america,"AIR LIQUIDE AMERICA LP, AIR LIQUIDE HEALTHCARE AMERICA CORP","43, 45","['air liquide america', 'air liquide america'], ['air liquide america', 'air liquide america']","[100, 100], [100, 100]"
34,air liquide america speciality gases,AIR LIQUIDE AMERICA SPECIALITY GASES,44,['air liquide america speciality gases'],[100]
35,air liquide large industries,AIR LIQUIDE LARGE INDUSTRIES US LP,46,['air liquide large industries'],[100]
36,airgas,AIRGAS USA LLC,50,['airgas'],[100]
37,airgas carbonic,AIRGAS CARBONIC INC,48,['airgas carbonic'],[100]
38,airgas merchants gases,AIRGAS MERCHANTS GASES LLC,49,['airgas merchants gases'],[100]
39,ajanta,AJANTA PHARMA LTD,51,['ajanta'],[100]
40,akorn,"AKORN, AKORN INC","52, 53","['akorn', 'akorn'], ['akorn', 'akorn']","[100, 100], [100, 100]"
41,alcon,"ALCON, ALCON PHARMS LTD","54, 55","['alcon', 'alcon'], ['alcon', 'alcon']","[100, 100], [100, 100]"
42,alembic,"ALEMBIC LTD, ALEMBIC PHARMS LTD","56, 57","['alembic', 'alembic'], ['alembic', 'alembic']","[100, 100], [100, 100]"
43,alexion,ALEXION PHARM,58,['alexion'],[100]
44,alimera sciences,ALIMERA SCIENCES INC,59,['alimera sciences'],[100]
45,alkem,"ALKEM, ALKEM LABS LTD","60, 61","['alkem', 'alkem'], ['alkem', 'alkem']","[100, 100], [100, 100]"
46,alkermes,"ALKERMES, ALKERMES INC","62, 63","['alkermes', 'alkermes'], ['alkermes', 'alkermes']","[100, 100], [100, 100]"
47,allegis,ALLEGIS,64,['allegis'],[100]
48,allergan,"ALLERGAN, ALLERGAN HOLDINGS","65, 66","['allergan', 'allergan'], ['allergan', 'allergan']","[100, 100], [100, 100]"
49,allergan sales,ALLERGAN SALES LLC,67,['allergan sales'],[100]
50,allied,ALLIED PHARMA INC,68,['allied'],[100]
51,alpharma,ALPHARMA PHARMS,69,['alpharma'],[100]
52,altaire,ALTAIRE PHARMS INC,70,['altaire'],[100]
53,altathera,ALTATHERA PHARMS LLC,71,['altathera'],[100]
54,alvogen,"ALVOGEN, ALVOGEN INC","72, 73","['alvogen', 'alvogen'], ['alvogen', 'alvogen']","[100, 100], [100, 100]"
55,alvogen malta,ALVOGEN MALTA,74,['alvogen malta'],[100]
56,amag,"AMAG PHARMA USA, AMAG PHARMS INC","75, 76","['amag', 'amag'], ['amag', 'amag']","[100, 100], [100, 100]"
57,amarin,AMARIN PHARMS,77,['amarin'],[100]
58,amedra,AMEDRA PHARMS LLC,78,['amedra'],[100]
59,amerigen,AMERIGEN PHARMS LTD,80,['amerigen'],[100]
60,amgen,"AMGEN, AMGEN INC","81, 82","['amgen', 'amgen'], ['amgen', 'amgen']","[100, 100], [100, 100]"
61,amneal,"AMNEAL PHARM, AMNEAL PHARMS, AMNEAL PHARMS CO, AMNEAL PHARMS LLC","83, 84, 85, 86","['amneal', 'amneal', 'amneal', 'amneal'], ['amneal', 'amneal', 'amneal', 'amneal'], ['amneal', 'amneal', 'amneal', 'amneal'], ['amneal', 'amneal', 'amneal', 'amneal']","[100, 100, 100, 100], [100, 100, 100, 100], [100, 100, 100, 100], [100, 100, 100, 100]"
62,amneal ny,AMNEAL PHARMS NY,87,['amneal ny'],[100]
63,amphastar,"AMPHASTAR PHARM, AMPHASTAR PHARMS INC","88, 89","['amphastar', 'amphastar'], ['amphastar', 'amphastar']","[100, 100], [100, 100]"
64,amring,AMRING PHARMS,90,['amring'],[100]
65,anacor,ANACOR PHARMS INC,91,['anacor'],[100]
66,anbex,ANBEX,92,['anbex'],[100]
67,anbison lab,ANBISON LAB CO LTD,93,['anbison lab'],[100]
68,anchen,ANCHEN PHARMS,94,['anchen'],[100]
69,andrx,ANDRX LABS LLC,96,['andrx'],[100]
70,angelini,ANGELINI PHARMA,97,['angelini'],[100]
71,ani,"ANI PHARMS, ANI PHARMS INC","98, 99","['ani', 'ani'], ['ani', 'ani']","[100, 100], [100, 100]"
72,antares,ANTARES PHARMA INC,100,['antares'],[100]
73,antibiotice,ANTIBIOTICE,101,['antibiotice'],[100]
74,antrim,ANTRIM PHARMS LLC,102,['antrim'],[100]
75,apgdi,APGDI,103,['apgdi'],[100]
76,apil,APIL,104,['apil'],[100]
77,apopharma,APOPHARMA INC,105,['apopharma'],[100]
78,apotex,"APOTEX, APOTEX CORP, APOTEX INC, APOTEX TECHNOLOGIES","106, 107, 108, 109","['apotex', 'apotex', 'apotex', 'apotex'], ['apotex', 'apotex', 'apotex', 'apotex'], ['apotex', 'apotex', 'apotex', 'apotex'], ['apotex', 'apotex', 'apotex', 'apotex']","[100, 100, 100, 100], [100, 100, 100, 100], [100, 100, 100, 100], [100, 100, 100, 100]"
79,apothecon,APOTHECON,110,['apothecon'],[100]
80,appco,APPCO PHARMA LLC,111,['appco'],[100]
81,aprecia,APRECIA PHARMS,112,['aprecia'],[100]
82,aqua,"AQUA PHARMS, AQUA PHARMS LLC","113, 114","['aqua', 'aqua'], ['aqua', 'aqua']","[100, 100], [100, 100]"
83,aralez,"ARALEZ PHARMS, ARALEZ PHARMS INC","115, 116","['aralez', 'aralez'], ['aralez', 'aralez']","[100, 100], [100, 100]"
84,arbor,ARBOR PHARMS LLC,117,['arbor'],[100]
85,ariad,ARIAD,118,['ariad'],[100]
86,army,US ARMY,897,['army'],[100]
87,ascend theraps,ASCEND THERAPS US,119,['ascend theraps'],[100]
88,ascent,ASCENT PHARMS INC,120,['ascent'],[100]
89,aspen air,ASPEN AIR,121,['aspen air'],[100]
90,aspen global,ASPEN GLOBAL INC,122,['aspen global'],[100]
91,astellas,ASTELLAS,123,['astellas'],[100]
92,astrazeneca,"ASTRAZENECA, ASTRAZENECA AB, ASTRAZENECA LP, ASTRAZENECA PHARMS","124, 125, 126, 127","['astrazeneca', 'astrazeneca', 'astrazeneca', 'astrazeneca'], ['astrazeneca', 'astrazeneca', 'astrazeneca', 'astrazeneca'], ['astrazeneca', 'astrazeneca', 'astrazeneca', 'astrazeneca'], ['astrazeneca', 'astrazeneca', 'astrazeneca', 'astrazeneca']","[100, 100, 100, 100], [100, 100, 100, 100], [100, 100, 100, 100], [100, 100, 100, 100]"
93,atnahs,ATNAHS PHARMA US,128,['atnahs'],[100]
94,aton,ATON,129,['aton'],[100]
95,aton vpna,ATON PHARMA VPNA,130,['aton vpna'],[100]
96,aurobindo,"AUROBINDO, AUROBINDO PHARMA, AUROBINDO PHARMA LTD","131, 132, 133","['aurobindo', 'aurobindo', 'aurobindo'], ['aurobindo', 'aurobindo', 'aurobindo'], ['aurobindo', 'aurobindo', 'aurobindo']","[100, 100, 100], [100, 100, 100], [100, 100, 100]"
97,aurolife,AUROLIFE PHARMA LLC,134,['aurolife'],[100]
98,austarpharma,AUSTARPHARMA LLC,135,['austarpharma'],[100]
99,auxilium,"AUXILIUM PHARMS, AUXILIUM PHARMS INC, AUXILIUM PHARMS LLC","136, 137, 138","['auxilium', 'auxilium', 'auxilium'], ['auxilium', 'auxilium', 'auxilium'], ['auxilium', 'auxilium', 'auxilium']","[100, 100, 100], [100, 100, 100], [100, 100, 100]"
100,avadel,AVADEL PHARMS,140,['avadel'],[100]
101,avadel legacy,AVADEL LEGACY,139,['avadel legacy'],[100]
102,avanir,AVANIR PHARMS,141,['avanir'],[100]
103,avanthi,AVANTHI INC,142,['avanthi'],[100]
104,avema,AVEMA PHARMA,143,['avema'],[100]
105,avent,AVENT,144,['avent'],[100]
106,aveva,AVEVA,145,['aveva'],[100]
107,avid radiopharms,AVID RADIOPHARMS INC,146,['avid radiopharms'],[100]
108,aytu bioscience,AYTU BIOSCIENCE INC,147,['aytu bioscience'],[100]
109,bajaj,BAJAJ MEDICAL LLC,150,['bajaj'],[100]
110,barr,"BARR, BARR LABS INC","151, 153","['barr', 'barr'], ['barr', 'barr']","[100, 100], [100, 100]"
111,barr div teva,BARR LABS DIV TEVA,152,['barr div teva'],[100]
112,bausch lomb,"BAUSCH AND LOMB, BAUSCH AND LOMB INC","154, 155","['bausch lomb', 'bausch lomb'], ['bausch lomb', 'bausch lomb']","[100, 100], [100, 100]"
113,baxter,"BAXTER HLTHCARE, BAXTER HLTHCARE CORP","156, 157","['baxter', 'baxter'], ['baxter', 'baxter']","[100, 100], [100, 100]"
114,bayer,"BAYER, BAYER HEALTHCARE LLC, BAYER HEALTHCARE PHARMS, BAYER HLTHCARE","158, 159, 160, 161","['bayer', 'bayer', 'bayer', 'bayer'], ['bayer', 'bayer', 'bayer', 'bayer'], ['bayer', 'bayer', 'bayer', 'bayer'], ['bayer', 'bayer', 'bayer', 'bayer']","[100, 100, 100, 100], [100, 100, 100, 100], [100, 100, 100, 100], [100, 100, 100, 100]"
115,bayshore,BAYSHORE PHARMS LLC,162,['bayshore'],[100]
116,bdsi,BDSI,163,['bdsi'],[100]
117,becton dickinson,BECTON DICKINSON CO,164,['becton dickinson'],[100]
118,bedford,BEDFORD,165,['bedford'],[100]
119,belcher,"BELCHER PHARMS, BELCHER PHARMS LLC","166, 167","['belcher', 'belcher'], ['belcher', 'belcher']","[100, 100], [100, 100]"
120,beximco,BEXIMCO USA,168,['beximco'],[100]
121,bio nucleonics,BIO NUCLEONICS,169,['bio nucleonics'],[100]
122,bio-pharm,BIO-PHARM INC,170,['bio-pharm'],[100]
123,biocon,BIOCON LIMITED,171,['biocon'],[100]
124,biocryst,BIOCRYST,172,['biocryst'],[100]
125,biogen,BIOGEN,173,['biogen'],[100]
126,biogen idec,"BIOGEN IDEC, BIOGEN IDEC INC","174, 175","['biogen idec', 'biogen idec'], ['biogen idec', 'biogen idec']","[100, 100], [100, 100]"
127,biomarin,"BIOMARIN, BIOMARIN PHARM","176, 177","['biomarin', 'biomarin'], ['biomarin', 'biomarin']","[100, 100], [100, 100]"
128,biomedcl res fdn,BIOMEDCL RES FDN,178,['biomedcl res fdn'],[100]
129,bionpharma,BIONPHARMA INC,179,['bionpharma'],[100]
130,biovitrum,BIOVITRUM AB,180,['biovitrum'],[100]
131,boehringer ingelheim,BOEHRINGER INGELHEIM,181,['boehringer ingelheim'],[100]
132,boscogen,BOSCOGEN,182,['boscogen'],[100]
133,bracco,BRACCO,183,['bracco'],[100]
134,braintree,"BRAINTREE, BRAINTREE LABS","184, 185","['braintree', 'braintree'], ['braintree', 'braintree']","[100, 100], [100, 100]"
135,braun,"B BRAUN, B BRAUN MEDICAL INC","148, 149","['braun', 'braun'], ['braun', 'braun']","[100, 100], [100, 100]"
136,breckenridge,BRECKENRIDGE PHARM,186,['breckenridge'],[100]
137,brigham womens,BRIGHAM WOMENS,187,['brigham womens'],[100]
138,brigham womens hosp,BRIGHAM WOMENS HOSP,188,['brigham womens hosp'],[100]
139,bristol myers squibb,BRISTOL MYERS SQUIBB,189,['bristol myers squibb'],[100]
140,bristol-myers squibb,BRISTOL-MYERS SQUIBB,190,['bristol-myers squibb'],[100]
141,btg,BTG INTERNATIONAL INC,191,['btg'],[100]
142,cadila,CADILA PHARMS LTD,192,['cadila'],[100]
143,cadista,CADISTA PHARMS,193,['cadista'],[100]
144,cardinal,CARDINAL HEALTH 414,194,['cardinal'],[100]
145,carefusion,CAREFUSION 2200,195,['carefusion'],[100]
146,caribe,CARIBE HOLDINGS,196,['caribe'],[100]
147,carlsbad,CARLSBAD,197,['carlsbad'],[100]
148,casper,CASPER PHARMA LLC,198,['casper'],[100]
149,catalent,CATALENT,199,['catalent'],[100]
150,cediprof,CEDIPROF INC,200,['cediprof'],[100]
151,cee kay,CEE KAY SUPPLY,201,['cee kay'],[100]
152,celgene,"CELGENE, CELGENE CORP","202, 203","['celgene', 'celgene'], ['celgene', 'celgene']","[100, 100], [100, 100]"
153,centocor,CENTOCOR INC,204,['centocor'],[100]
154,centocor ortho biotech,CENTOCOR ORTHO BIOTECH INC,205,['centocor ortho biotech'],[100]
155,central radiopharm,CENTRAL RADIOPHARM,206,['central radiopharm'],[100]
156,cephalon,CEPHALON,207,['cephalon'],[100]
157,cerexa,CEREXA,208,['cerexa'],[100]
158,cft,CFT PHARMS LLC,209,['cft'],[100]
159,chartwell life,CHARTWELL LIFE SCI,210,['chartwell life'],[100]
160,chartwell molecules,CHARTWELL MOLECULES,211,['chartwell molecules'],[100]
161,chartwell rx,CHARTWELL RX,212,['chartwell rx'],[100]
162,chattem,CHATTEM,213,['chattem'],[100]
163,chemo research sl,CHEMO RESEARCH SL,214,['chemo research sl'],[100]
164,cheplapharm,CHEPLAPHARM,215,['cheplapharm'],[100]
165,chiesi,CHIESI USA INC,216,['chiesi'],[100]
166,childrens hosp mi,CHILDRENS HOSP MI,217,['childrens hosp mi'],[100]
167,chirhoclin,CHIRHOCLIN,218,['chirhoclin'],[100]
168,chiron,CHIRON,219,['chiron'],[100]
169,cipher,CIPHER PHARMS INC,220,['cipher'],[100]
170,cipla,"CIPLA, CIPLA LIMITED, CIPLA LTD","221, 222, 223","['cipla', 'cipla', 'cipla'], ['cipla', 'cipla', 'cipla'], ['cipla', 'cipla', 'cipla']","[100, 100, 100], [100, 100, 100], [100, 100, 100]"
171,citius,CITIUS PHARMS,224,['citius'],[100]
172,clinigen,CLINIGEN HLTHCARE,225,['clinigen'],[100]
173,cnty line,CNTY LINE PHARMS,226,['cnty line'],[100]
174,coastal,COASTAL PHARMS,227,['coastal'],[100]
175,colgate palmolive,COLGATE PALMOLIVE,228,['colgate palmolive'],[100]
176,concordia,CONCORDIA PHARMS INC,229,['concordia'],[100]
177,coopersurgical,COOPERSURGICAL,230,['coopersurgical'],[100]
178,corcept therap,CORCEPT THERAP,231,['corcept therap'],[100]
179,corden,CORDEN PHARMA,232,['corden'],[100]
180,corepharma,COREPHARMA,233,['corepharma'],[100]
181,covis,COVIS PHARMA BV,234,['covis'],[100]
182,cpdc,CPDC,235,['cpdc'],[100]
183,cppi,CPPI CV,236,['cppi'],[100]
184,cr double crane,CR DOUBLE CRANE,237,['cr double crane'],[100]
185,crealta,CREALTA PHARMS LLC,238,['crealta'],[100]
186,crown,CROWN LABS,239,['crown'],[100]
187,cspc nbp,CSPC NBP PHARM CO,240,['cspc nbp'],[100]
188,cspc ouyi,CSPC OUYI PHARM CO,241,['cspc ouyi'],[100]
189,cubist,"CUBIST PHARMS, CUBIST PHARMS LLC","242, 243","['cubist', 'cubist'], ['cubist', 'cubist']","[100, 100], [100, 100]"
190,cumberland,CUMBERLAND PHARMS,244,['cumberland'],[100]
191,cutanea,CUTANEA,245,['cutanea'],[100]
192,cutis,CUTIS HEALTH LLC,246,['cutis'],[100]
193,cypress,CYPRESS PHARM,247,['cypress'],[100]
194,d imaging drug,3D IMAGING DRUG,0,['d imaging drug'],[100]
195,daewoong,DAEWOONG PHARM CO,248,['daewoong'],[100]
196,daiichi sankyo,"DAIICHI SANKYO, DAIICHI SANKYO INC","249, 250","['daiichi sankyo', 'daiichi sankyo'], ['daiichi sankyo', 'daiichi sankyo']","[100, 100], [100, 100]"
197,danco,DANCO LABS LLC,251,['danco'],[100]
198,dava,DAVA PHARMS INC,252,['dava'],[100]
199,dentsply,DENTSPLY PHARM,253,['dentsply'],[100]
200,depomed,DEPOMED INC,254,['depomed'],[100]
201,deproco,DEPROCO,255,['deproco'],[100]
202,dexcel,"DEXCEL LTD, DEXCEL PHARMA","256, 257","['dexcel', 'dexcel'], ['dexcel', 'dexcel']","[100, 100], [100, 100]"
203,digestive,DIGESTIVE CARE INC,258,['digestive'],[100]
204,dorc,DORC,259,['dorc'],[100]
205,douglas,DOUGLAS PHARMS,260,['douglas'],[100]
206,dow,DOW PHARM,261,['dow'],[100]
207,dr reddys,"DR REDDYS LABS INC, DR REDDYS LABS INTL, DR REDDYS LABS LTD, DR REDDYS LABS SA","263, 264, 265, 266","['dr reddys', 'dr reddys', 'dr reddys', 'dr reddys'], ['dr reddys', 'dr reddys', 'dr reddys', 'dr reddys'], ['dr reddys', 'dr reddys', 'dr reddys', 'dr reddys'], ['dr reddys', 'dr reddys', 'dr reddys', 'dr reddys']","[100, 100, 100, 100], [100, 100, 100, 100], [100, 100, 100, 100], [100, 100, 100, 100]"
208,dr reddys la,DR REDDYS LA,262,['dr reddys la'],[100]
209,draximage,DRAXIMAGE,267,['draximage'],[100]
210,duchesnay,DUCHESNAY,268,['duchesnay'],[100]
211,dupuy oxygen,DUPUY OXYGEN,269,['dupuy oxygen'],[100]
212,duramed barr,DURAMED PHARMS BARR,270,['duramed barr'],[100]
213,dusa,DUSA,271,['dusa'],[100]
214,dyax.,DYAX CORP.,272,['dyax.'],[100]
215,eagle,EAGLE PHARMS,273,['eagle'],[100]
216,eci,ECI PHARMS LLC,274,['eci'],[100]
217,eclat,ECLAT PHARMS LLC,275,['eclat'],[100]
218,ecolab,ECOLAB,276,['ecolab'],[100]
219,ecr,ECR PHARMA,277,['ecr'],[100]
220,edenbridge,EDENBRIDGE PHARMS,278,['edenbridge'],[100]
221,edison theraps,EDISON THERAPS LLC,279,['edison theraps'],[100]
222,egalet,EGALET US INC,280,['egalet'],[100]
223,eisai,EISAI INC,281,['eisai'],[100]
224,elefsee,ELEFSEE PHARMS INTL,282,['elefsee'],[100]
225,eli lilly,"ELI LILLY AND CO, ELI LILLY CO","283, 284","['eli lilly', 'eli lilly'], ['eli lilly', 'eli lilly']","[100, 100], [100, 100]"
226,elite,ELITE LABS INC,285,['elite'],[100]
227,emcure,"EMCURE PHARMS, EMCURE PHARMS LTD","286, 288","['emcure', 'emcure'], ['emcure', 'emcure']","[100, 100], [100, 100]"
228,emcure india,EMCURE PHARMS INDIA,287,['emcure india'],[100]
229,emd serono,"EMD SERONO, EMD SERONO INC","289, 290","['emd serono', 'emd serono'], ['emd serono', 'emd serono']","[100, 100], [100, 100]"
230,emmaus medcl,EMMAUS MEDCL,291,['emmaus medcl'],[100]
231,endo,"ENDO PHARM, ENDO PHARMS, ENDO PHARMS INC","292, 293, 294","['endo', 'endo', 'endo'], ['endo', 'endo', 'endo'], ['endo', 'endo', 'endo']","[100, 100, 100], [100, 100, 100], [100, 100, 100]"
232,endo ventures,ENDO VENTURES LTD,295,['endo ventures'],[100]
233,epi hlth,EPI HLTH,296,['epi hlth'],[100]
234,epic,"EPIC PHARMA, EPIC PHARMA LLC","297, 298","['epic', 'epic'], ['epic', 'epic']","[100, 100], [100, 100]"
235,essential isotopes,ESSENTIAL ISOTOPES,299,['essential isotopes'],[100]
236,ethypharm,"ETHYPHARM, ETHYPHARM USA CORP","300, 301","['ethypharm', 'ethypharm'], ['ethypharm', 'ethypharm']","[100, 100], [100, 100]"
237,eurohlth,EUROHLTH INTL SARL,302,['eurohlth'],[100]
238,exalenz bioscience,EXALENZ BIOSCIENCE,303,['exalenz bioscience'],[100]
239,exela,"EXELA HOLDINGS, EXELA PHARMA SCS LLC","304, 306","['exela', 'exela'], ['exela', 'exela']","[100, 100], [100, 100]"
240,exela science,EXELA PHARMA SCIENCE,305,['exela science'],[100]
241,exelixis,EXELIXIS,307,['exelixis'],[100]
242,exeltis,EXELTIS USA INC,308,['exeltis'],[100]
243,fdc,FDC LTD,309,['fdc'],[100]
244,fdn consumer,FDN CONSUMER,310,['fdn consumer'],[100]
245,feinstein,FEINSTEIN,311,['feinstein'],[100]
246,feinstein inst,THE FEINSTEIN INST,861,['feinstein inst'],[100]
247,ferring,"FERRING, FERRING PHARMS INC","312, 313","['ferring', 'ferring'], ['ferring', 'ferring']","[100, 100], [100, 100]"
248,forest,"FOREST LABS, FOREST LABS INC, FOREST LABS LLC","314, 315, 316","['forest', 'forest', 'forest'], ['forest', 'forest', 'forest'], ['forest', 'forest', 'forest']","[100, 100, 100], [100, 100, 100], [100, 100, 100]"
249,forest res inst,FOREST RES INST INC,317,['forest res inst'],[100]
250,fosun,FOSUN PHARMA,318,['fosun'],[100]
251,fougera,"FOUGERA PHARMS, FOUGERA PHARMS INC","319, 320","['fougera', 'fougera'], ['fougera', 'fougera']","[100, 100], [100, 100]"
252,fresenius,FRESENIUS,321,['fresenius'],[100]
253,fresenius kabi,FRESENIUS KABI USA,323,['fresenius kabi'],[100]
254,fresenius kabi oncol,FRESENIUS KABI ONCOL,322,['fresenius kabi oncol'],[100]
255,fresenius medcl,FRESENIUS MEDCL,324,['fresenius medcl'],[100]
256,frontida biopharm,FRONTIDA BIOPHARM,325,['frontida biopharm'],[100]
257,g,"G AND W LABS, G AND W LABS INC","326, 327","['g', 'g'], ['g', 'g']","[100, 100], [100, 100]"
258,galderma,"GALDERMA LABS, GALDERMA LABS LP","328, 329","['galderma', 'galderma'], ['galderma', 'galderma']","[100, 100], [100, 100]"
259,galen specialty,GALEN SPECIALTY,330,['galen specialty'],[100]
260,galen uk,GALEN UK,331,['galen uk'],[100]
261,gastroentero,GASTROENTERO,332,['gastroentero'],[100]
262,gavis,"GAVIS PHARMS, GAVIS PHARMS LLC","333, 334","['gavis', 'gavis'], ['gavis', 'gavis']","[100, 100], [100, 100]"
263,gd searle,"GD SEARLE, GD SEARLE LLC","335, 336","['gd searle', 'gd searle'], ['gd searle', 'gd searle']","[100, 100], [100, 100]"
264,ge,"GE HEALTHCARE, GE HLTHCARE INC","337, 338","['ge', 'ge'], ['ge', 'ge']","[100, 100], [100, 100]"
265,gedeon richter,GEDEON RICHTER USA,339,['gedeon richter'],[100]
266,gemini,GEMINI LABS LLC,340,['gemini'],[100]
267,genentech,"GENENTECH, GENENTECH INC","341, 342","['genentech', 'genentech'], ['genentech', 'genentech']","[100, 100], [100, 100]"
268,genus lifesciences,GENUS LIFESCIENCES,343,['genus lifesciences'],[100]
269,genzyme,"GENZYME, GENZYME CORP","344, 345","['genzyme', 'genzyme'], ['genzyme', 'genzyme']","[100, 100], [100, 100]"
270,gilead,GILEAD,346,['gilead'],[100]
271,gilead sciences,GILEAD SCIENCES INC,347,['gilead sciences'],[100]
272,gland,GLAND PHARMA LTD,348,['gland'],[100]
273,glaxo grp,GLAXO GRP LTD,350,['glaxo grp'],[100]
274,glaxo grp england,GLAXO GRP ENGLAND,349,['glaxo grp england'],[100]
275,glaxosmithkline,"GLAXOSMITHKLINE, GLAXOSMITHKLINE LLC","351, 354","['glaxosmithkline', 'glaxosmithkline'], ['glaxosmithkline', 'glaxosmithkline']","[100, 100], [100, 100]"
276,glaxosmithkline con,GLAXOSMITHKLINE CON,352,['glaxosmithkline con'],[100]
277,glaxosmithkline cons,GLAXOSMITHKLINE CONS,353,['glaxosmithkline cons'],[100]
278,glenmark,"GLENMARK PHARMS, GLENMARK PHARMS INC, GLENMARK PHARMS LTD","356, 357, 358","['glenmark', 'glenmark', 'glenmark'], ['glenmark', 'glenmark', 'glenmark'], ['glenmark', 'glenmark', 'glenmark']","[100, 100, 100], [100, 100, 100], [100, 100, 100]"
279,glenmark generics,GLENMARK GENERICS,355,['glenmark generics'],[100]
280,global isotopes,GLOBAL ISOTOPES LLC,359,['global isotopes'],[100]
281,granules india,"GRANULES INDIA, GRANULES INDIA LTD","360, 361","['granules india', 'granules india'], ['granules india', 'granules india']","[100, 100], [100, 100]"
282,griffen,GRIFFEN,362,['griffen'],[100]
283,guerbet,GUERBET,363,['guerbet'],[100]
284,hainan poly,HAINAN POLY PHARMA CO LTD,364,['hainan poly'],[100]
285,halozyme therap,HALOZYME THERAP,365,['halozyme therap'],[100]
286,hameln plus,HAMELN PHARMA PLUS,366,['hameln plus'],[100]
287,handa,HANDA PHARMS LLC,367,['handa'],[100]
288,hanford gc,HANFORD GC,368,['hanford gc'],[100]
289,harris,HARRIS PHARM,369,['harris'],[100]
290,hec,HEC PHARM USA INC,370,['hec'],[100]
291,helsinn,HELSINN HLTHCARE,371,['helsinn'],[100]
292,heritage,"HERITAGE PHARMA, HERITAGE PHARMS INC","373, 374","['heritage', 'heritage'], ['heritage', 'heritage']","[100, 100], [100, 100]"
293,heritage life,HERITAGE LIFE,372,['heritage life'],[100]
294,hetero,HETERO USA INC,378,['hetero'],[100]
295,hetero iii,HETERO LABS LTD III,375,['hetero iii'],[100]
296,hetero unit iii,HETERO LABS UNIT III,377,['hetero unit iii'],[100]
297,hetero v,HETERO LABS LTD V,376,['hetero v'],[100]
298,heyl chemisch,HEYL CHEMISCH,379,['heyl chemisch'],[100]
299,hi tech,HI TECH PHARMA,380,['hi tech'],[100]
300,hi-tech,HI-TECH PHARMA CO,381,['hi-tech'],[100]
301,hi-tech pharmacal,HI-TECH PHARMACAL,382,['hi-tech pharmacal'],[100]
302,high tech,HIGH TECH PHARMA,383,['high tech'],[100]
303,hikma,"HIKMA, HIKMA INTL PHARMS, HIKMA PHARM CO LTD, HIKMA PHARMS","384, 386, 387, 388","['hikma', 'hikma', 'hikma', 'hikma'], ['hikma', 'hikma', 'hikma', 'hikma'], ['hikma', 'hikma', 'hikma', 'hikma'], ['hikma', 'hikma', 'hikma', 'hikma']","[100, 100, 100, 100], [100, 100, 100, 100], [100, 100, 100, 100], [100, 100, 100, 100]"
304,hikma farmaceutica,HIKMA FARMACEUTICA,385,['hikma farmaceutica'],[100]
305,hill dermaceuticals,HILL DERMACEUTICALS,389,['hill dermaceuticals'],[100]
306,hisamitsu,HISAMITSU PHARM CO,390,['hisamitsu'],[100]
307,hoffman-la roche,HOFFMAN-LA ROCHE,391,['hoffman-la roche'],[100]
308,hoffmann la roche,HOFFMANN LA ROCHE,392,['hoffmann la roche'],[100]
309,hoffmann-la roche,HOFFMANN-LA ROCHE,393,['hoffmann-la roche'],[100]
310,hope,HOPE PHARMS,394,['hope'],[100]
311,horizon,"HORIZON PHARMA, HORIZON PHARMA INC, HORIZON PHARMA USA","395, 396, 397","['horizon', 'horizon', 'horizon'], ['horizon', 'horizon', 'horizon'], ['horizon', 'horizon', 'horizon']","[100, 100, 100], [100, 100, 100], [100, 100, 100]"
312,horizon theraps,HORIZON THERAPS INC,398,['horizon theraps'],[100]
313,hospira,"HOSPIRA, HOSPIRA INC","399, 400","['hospira', 'hospira'], ['hospira', 'hospira']","[100, 100], [100, 100]"
314,hot shots nm,HOT SHOTS NM LLC,401,['hot shots nm'],[100]
315,houston cyclotron,HOUSTON CYCLOTRON,402,['houston cyclotron'],[100]
316,hq spclt,HQ SPCLT PHARMA,403,['hq spclt'],[100]
317,hq speciality,HQ SPECIALITY PHARMA,404,['hq speciality'],[100]
318,hq speclt,HQ SPECLT PHARMA,405,['hq speclt'],[100]
319,hra,HRA PHARMA,406,['hra'],[100]
320,human genome sciences.,HUMAN GENOME SCIENCES INC.,407,['human genome sciences.'],[100]
321,i,US PHARMS HOLDINGS I,899,['i'],[100]
322,iba molecular,IBA MOLECULAR N AM,408,['iba molecular'],[100]
323,icu,ICU MEDICAL INC,409,['icu'],[100]
324,idt australia,IDT AUSTRALIA LTD,410,['idt australia'],[100]
325,imclone,IMCLONE,411,['imclone'],[100]
326,immunex,IMMUNEX,412,['immunex'],[100]
327,impax,"IMPAX LABS, IMPAX LABS INC, IMPAX PHARMS","413, 414, 415","['impax', 'impax', 'impax'], ['impax', 'impax', 'impax'], ['impax', 'impax', 'impax']","[100, 100, 100], [100, 100, 100], [100, 100, 100]"
328,incyte,INCYTE CORP,416,['incyte'],[100]
329,indchemie,INDCHEMIE HEALTH,417,['indchemie'],[100]
330,indivior,INDIVIOR INC,418,['indivior'],[100]
331,indoco remedies,INDOCO REMEDIES,419,['indoco remedies'],[100]
332,ingenus nj,INGENUS PHARMS NJ,420,['ingenus nj'],[100]
333,innogenix,INNOGENIX,421,['innogenix'],[100]
334,insight,INSIGHT PHARMS,422,['insight'],[100]
335,inst biochem,INST BIOCHEM,423,['inst biochem'],[100]
336,institut biochimique,INSTITUT BIOCHIMIQUE,424,['institut biochimique'],[100]
337,insys dev,INSYS DEV CO INC,425,['insys dev'],[100]
338,intellipharmaceutics,INTELLIPHARMACEUTICS,426,['intellipharmaceutics'],[100]
339,interpharma praha,INTERPHARMA PRAHA AS,427,['interpharma praha'],[100]
340,invagen,INVAGEN PHARMS,429,['invagen'],[100]
341,inventia,INVENTIA HLTHCARE,430,['inventia'],[100]
342,ipca,IPCA LABS LTD,431,['ipca'],[100]
343,ipr,IPR,432,['ipr'],[100]
344,ipsen,"IPSEN INC, IPSEN PHARMA","434, 435","['ipsen', 'ipsen'], ['ipsen', 'ipsen']","[100, 100], [100, 100]"
345,ipsen biopharm,IPSEN BIOPHARM LTD,433,['ipsen biopharm'],[100]
346,iroko,"IROKO PHARMS, IROKO PHARMS LLC","436, 437","['iroko', 'iroko'], ['iroko', 'iroko']","[100, 100], [100, 100]"
347,ironwood,IRONWOOD PHARMS INC,438,['ironwood'],[100]
348,istituto bio ita,ISTITUTO BIO ITA SPA,439,['istituto bio ita'],[100]
349,ivax,IVAX PHARMS INC,440,['ivax'],[100]
350,ivax sub teva,IVAX SUB TEVA PHARMS,441,['ivax sub teva'],[100]
351,j consumer,J AND J CONSUMER INC,442,['j consumer'],[100]
352,janssen,JANSSEN PHARMS,444,['janssen'],[100]
353,janssen biotech,JANSSEN BIOTECH,443,['janssen biotech'],[100]
354,janssen d,JANSSEN R AND D,446,['janssen d'],[100]
355,janssen prods,JANSSEN PRODS,445,['janssen prods'],[100]
356,janssen res dev,JANSSEN RES AND DEV,447,['janssen res dev'],[100]
357,janssen therap,JANSSEN THERAP,448,['janssen therap'],[100]
358,javelin,JAVELIN PHARMS INC,449,['javelin'],[100]
359,jazz,"JAZZ PHARMS, JAZZ PHARMS INC","450, 452","['jazz', 'jazz'], ['jazz', 'jazz']","[100, 100], [100, 100]"
360,jazz iii,JAZZ PHARMS III,451,['jazz iii'],[100]
361,jiangsu hansoh,JIANGSU HANSOH PHARM,453,['jiangsu hansoh'],[100]
362,jiangsu hengrui med,JIANGSU HENGRUI MED,454,['jiangsu hengrui med'],[100]
363,johns hopkins univ,JOHNS HOPKINS UNIV,455,['johns hopkins univ'],[100]
364,johnson johnson,JOHNSON AND JOHNSON,456,['johnson johnson'],[100]
365,jubilant cadista,JUBILANT CADISTA,457,['jubilant cadista'],[100]
366,jubilant draximage,JUBILANT DRAXIMAGE,458,['jubilant draximage'],[100]
367,jubilant generics,JUBILANT GENERICS,459,['jubilant generics'],[100]
368,kadmon,KADMON PHARMS LLC,460,['kadmon'],[100]
369,kaleo,KALEO INC,461,['kaleo'],[100]
370,kastle theraps,KASTLE THERAPS LLC,462,['kastle theraps'],[100]
371,ken lifescience,KEN LIFESCIENCE,463,['ken lifescience'],[100]
372,keryx biopharms,KERYX BIOPHARMS,464,['keryx biopharms'],[100]
373,kettering medctr,KETTERING MEDCTR,465,['kettering medctr'],[100]
374,king,"KING PHARMS, KING PHARMS LLC","466, 467","['king', 'king'], ['king', 'king']","[100, 100], [100, 100]"
375,knight theraps,KNIGHT THERAPS,468,['knight theraps'],[100]
376,kowa,KOWA CO,469,['kowa'],[100]
377,kreitchman pet ctr,KREITCHMAN PET CTR,470,['kreitchman pet ctr'],[100]
378,kremers urban,KREMERS URBAN PHARMS,471,['kremers urban'],[100]
379,krka tovarna zdravil,KRKA TOVARNA ZDRAVIL,472,['krka tovarna zdravil'],[100]
380,kvk tech,KVK TECH,473,['kvk tech'],[100]
381,kyowa kirin,KYOWA KIRIN,474,['kyowa kirin'],[100]
382,kythera biopharms,KYTHERA BIOPHARMS,475,['kythera biopharms'],[100]
383,l perrigo,L PERRIGO CO,476,['l perrigo'],[100]
384,lab hra,LAB HRA PHARMA,477,['lab hra'],[100]
385,lannett,"LANNETT, LANNETT CO INC, LANNETT HOLDINGS INC","479, 480, 481","['lannett', 'lannett', 'lannett'], ['lannett', 'lannett', 'lannett'], ['lannett', 'lannett', 'lannett']","[100, 100, 100], [100, 100, 100], [100, 100, 100]"
386,lantheus,LANTHEUS MEDICAL,483,['lantheus'],[100]
387,lantheus medcl,LANTHEUS MEDCL,482,['lantheus medcl'],[100]
388,larken,"LARKEN LABS, LARKEN LABS INC","484, 485","['larken', 'larken'], ['larken', 'larken']","[100, 100], [100, 100]"
389,leadiant biosci,LEADIANT BIOSCI INC,486,['leadiant biosci'],[100]
390,leading,LEADING PHARMA LLC,487,['leading'],[100]
391,lehigh valley,LEHIGH VALLEY,488,['lehigh valley'],[100]
392,leo,"LEO LABS, LEO PHARMA AS","489, 490","['leo', 'leo'], ['leo', 'leo']","[100, 100], [100, 100]"
393,leon farma,LABS LEON FARMA,478,['leon farma'],[100]
394,lg chem,LG CHEM LTD,491,['lg chem'],[100]
395,liaoning chengda,LIAONING CHENGDA,492,['liaoning chengda'],[100]
396,liebel-flarsheim,LIEBEL-FLARSHEIM,493,['liebel-flarsheim'],[100]
397,lifestar,LIFESTAR PHARMA,494,['lifestar'],[100]
398,lilly,LILLY,495,['lilly'],[100]
399,linde gas north america,LINDE GAS NORTH AMERICA LLC,496,['linde gas north america'],[100]
400,linde gas puerto rico,LINDE GAS PUERTO RICO INC,497,['linde gas puerto rico'],[100]
401,linde merchant productions,LINDE MERCHANT PRODUCTIONS INC,498,['linde merchant productions'],[100]
402,linde north america,LINDE NORTH AMERICA INC,499,['linde north america'],[100]
403,lloyd,LLOYD,500,['lloyd'],[100]
404,lnk,LNK,501,['lnk'],[100]
405,loreal,LOREAL USA,502,['loreal'],[100]
406,lotus,LOTUS PHARM CO LTD,503,['lotus'],[100]
407,luitpold,"LUITPOLD, LUITPOLD PHARMS INC","504, 505","['luitpold', 'luitpold'], ['luitpold', 'luitpold']","[100, 100], [100, 100]"
408,lukare,LUKARE MEDICAL LLC,506,['lukare'],[100]
409,lundbeck,LUNDBECK PHARMS LLC,508,['lundbeck'],[100]
410,lundbeck na,LUNDBECK NA LTD,507,['lundbeck na'],[100]
411,lupin,"LUPIN, LUPIN LTD, LUPIN PHARMS","509, 511, 512","['lupin', 'lupin', 'lupin'], ['lupin', 'lupin', 'lupin'], ['lupin', 'lupin', 'lupin']","[100, 100, 100], [100, 100, 100], [100, 100, 100]"
412,lupin atlantis,LUPIN ATLANTIS,510,['lupin atlantis'],[100]
413,lymol medcl,LYMOL MEDCL,513,['lymol medcl'],[100]
414,lyne,LYNE,514,['lyne'],[100]
415,m,3M,1,['m'],[100]
416,m drug delivery,3M DRUG DELIVERY,2,['m drug delivery'],[100]
417,ma general hosp,MA GENERAL HOSP,515,['ma general hosp'],[100]
418,machine&welding,MACHINE & WELDING SUPPLY CO,516,['machine&welding'],[100]
419,macleods,"MACLEODS PHARMA, MACLEODS PHARMS LTD","517, 518","['macleods', 'macleods'], ['macleods', 'macleods']","[100, 100], [100, 100]"
420,mallinckrodt,MALLINCKRODT INC,521,['mallinckrodt'],[100]
421,mallinckrodt ard,MALLINCKRODT ARD,519,['mallinckrodt ard'],[100]
422,mallinckrodt hosp,MALLINCKRODT HOSP,520,['mallinckrodt hosp'],[100]
423,mallinckrodt ip,MALLINCKRODT IP,522,['mallinckrodt ip'],[100]
424,mallinkrodt nuclear,MALLINKRODT NUCLEAR,523,['mallinkrodt nuclear'],[100]
425,mannkind,MANNKIND,524,['mannkind'],[100]
426,marina biotech,MARINA BIOTECH,525,['marina biotech'],[100]
427,marksans,MARKSANS PHARMA,526,['marksans'],[100]
428,marnel,MARNEL PHARMS,527,['marnel'],[100]
429,matheson tri-gas,MATHESON TRI-GAS INC,528,['matheson tri-gas'],[100]
430,matrix,MATRIX LABS LTD,529,['matrix'],[100]
431,mayer,MAYER LABS INC,530,['mayer'],[100]
432,mayne,"MAYNE PHARMA, MAYNE PHARMA INC, MAYNE PHARMA INTL","531, 532, 533","['mayne', 'mayne', 'mayne'], ['mayne', 'mayne', 'mayne'], ['mayne', 'mayne', 'mayne']","[100, 100, 100], [100, 100, 100], [100, 100, 100]"
433,mcprf,MCPRF,534,['mcprf'],[100]
434,meda,MEDA PHARMS,535,['meda'],[100]
435,medac,MEDAC PHARMA INC,536,['medac'],[100]
436,medication,INTL MEDICATION,428,['medication'],[100]
437,medicines,"MEDICINES360, THE MEDICINES CO","537, 862","['medicines', 'medicines'], ['medicines', 'medicines']","[100, 100], [100, 100]"
438,medicis,MEDICIS,538,['medicis'],[100]
439,medicure,MEDICURE,539,['medicure'],[100]
440,medigene,MEDIGENE AG,540,['medigene'],[100]
441,medimetriks,MEDIMETRIKS PHARMS,541,['medimetriks'],[100]
442,medimmune,MEDIMMUNE,542,['medimmune'],[100]
443,medtech,MEDTECH PRODUCTS,543,['medtech'],[100]
444,merck,"MERCK, MERCK AND CO INC","544, 545","['merck', 'merck'], ['merck', 'merck']","[100, 100], [100, 100]"
445,merck sharp dohme,MERCK SHARP DOHME,546,['merck sharp dohme'],[100]
446,meridian medcl,MERIDIAN MEDCL,547,['meridian medcl'],[100]
447,meridian medcl techn,MERIDIAN MEDCL TECHN,548,['meridian medcl techn'],[100]
448,merz,MERZ PHARMS,549,['merz'],[100]
449,methodist hosp res,METHODIST HOSP RES,550,['methodist hosp res'],[100]
450,metuchen,METUCHEN PHARMS,551,['metuchen'],[100]
451,micro india,MICRO LABS LTD INDIA,552,['micro india'],[100]
452,midatech,MIDATECH PHARMA US,553,['midatech'],[100]
453,midwest medcl,MIDWEST MEDCL,554,['midwest medcl'],[100]
454,mikart,MIKART,555,['mikart'],[100]
455,millennium,MILLENNIUM PHARMS,556,['millennium'],[100]
456,mips crf,MIPS CRF,557,['mips crf'],[100]
457,mission,MISSION PHARMA,558,['mission'],[100]
458,mission pharmacal,MISSION PHARMACAL CO,559,['mission pharmacal'],[100]
459,moberg north,MOBERG PHARMA NORTH,560,['moberg north'],[100]
460,mobius therap,MOBIUS THERAP,561,['mobius therap'],[100]
461,molnlycke hlth,MOLNLYCKE HLTH,562,['molnlycke hlth'],[100]
462,monarch,MONARCH PHARMS,563,['monarch'],[100]
463,msd,"MSD INTL, MSD INTL GMBH","564, 565","['msd', 'msd'], ['msd', 'msd']","[100, 100], [100, 100]"
464,msd merck,MSD MERCK CO,566,['msd merck'],[100]
465,murty,MURTY PHARMS,567,['murty'],[100]
466,mustafa nevzat ilac,MUSTAFA NEVZAT ILAC,568,['mustafa nevzat ilac'],[100]
467,mylan,"MYLAN, MYLAN LABS, MYLAN LABS LTD, MYLAN PHARMA, MYLAN PHARMS INC, MYLAN TECHNOLOGIES","569, 573, 574, 575, 576, 579","['mylan', 'mylan', 'mylan', 'mylan', 'mylan', 'mylan'], ['mylan', 'mylan', 'mylan', 'mylan', 'mylan', 'mylan'], ['mylan', 'mylan', 'mylan', 'mylan', 'mylan', 'mylan'], ['mylan', 'mylan', 'mylan', 'mylan', 'mylan', 'mylan'], ['mylan', 'mylan', 'mylan', 'mylan', 'mylan', 'mylan'], ['mylan', 'mylan', 'mylan', 'mylan', 'mylan', 'mylan']","[100, 100, 100, 100, 100, 100], [100, 100, 100, 100, 100, 100], [100, 100, 100, 100, 100, 100], [100, 100, 100, 100, 100, 100], [100, 100, 100, 100, 100, 100], [100, 100, 100, 100, 100, 100]"
468,mylan asi,MYLAN ASI,570,['mylan asi'],[100]
469,mylan institutional,MYLAN INSTITUTIONAL,571,['mylan institutional'],[100]
470,mylan ireland,MYLAN IRELAND LTD,572,['mylan ireland'],[100]
471,mylan speciality,MYLAN SPECIALITY LP,577,['mylan speciality'],[100]
472,mylan speclt,MYLAN SPECLT,578,['mylan speclt'],[100]
473,mylan teoranta,MYLAN TEORANTA,580,['mylan teoranta'],[100]
474,napo,NAPO PHARMS INC,581,['napo'],[100]
475,natco,"NATCO PHARMA, NATCO PHARMA LTD","582, 583","['natco', 'natco'], ['natco', 'natco']","[100, 100], [100, 100]"
476,navinta,NAVINTA LLC,584,['navinta'],[100]
477,ncm bronx,NCM USA BRONX LLC,585,['ncm bronx'],[100]
478,neos therap,NEOS THERAP INC,586,['neos therap'],[100]
479,nesher,NESHER PHARMS,587,['nesher'],[100]
480,network,THE PHARMA NETWORK,863,['network'],[100]
481,new haven,NEW HAVEN PHARMS,588,['new haven'],[100]
482,nexair,NEXAIR,589,['nexair'],[100]
483,nexgen,"NEXGEN PHARMA, NEXGEN PHARMA INC","590, 591","['nexgen', 'nexgen'], ['nexgen', 'nexgen']","[100, 100], [100, 100]"
484,nextwave,NEXTWAVE PHARMS,592,['nextwave'],[100]
485,niagara,NIAGARA PHARMS,593,['niagara'],[100]
486,nitrous oxide,NITROUS OXIDE CORP,594,['nitrous oxide'],[100]
487,nitrous oxide canada,NITROUS OXIDE OF CANADA,595,['nitrous oxide canada'],[100]
488,noden,NODEN PHARMA,596,['noden'],[100]
489,norco,NORCO INC,597,['norco'],[100]
490,nortec dev,NORTEC DEV ASSOC,598,['nortec dev'],[100]
491,northstar,NORTHSTAR HLTHCARE,599,['northstar'],[100]
492,nostrum,NOSTRUM LABS INC,600,['nostrum'],[100]
493,nova,NOVA LABS LTD,601,['nova'],[100]
494,novartis,"NOVARTIS, NOVARTIS PHARM, NOVARTIS PHARMS, NOVARTIS PHARMS CORP","602, 603, 604, 605","['novartis', 'novartis', 'novartis', 'novartis'], ['novartis', 'novartis', 'novartis', 'novartis'], ['novartis', 'novartis', 'novartis', 'novartis'], ['novartis', 'novartis', 'novartis', 'novartis']","[100, 100, 100, 100], [100, 100, 100, 100], [100, 100, 100, 100], [100, 100, 100, 100]"
495,novast,"NOVAST LABS, NOVAST LABS LTD","606, 607","['novast', 'novast'], ['novast', 'novast']","[100, 100], [100, 100]"
496,novel,NOVEL LABS INC,608,['novel'],[100]
497,noven,"NOVEN, NOVEN PHARMS INC","609, 610","['noven', 'noven'], ['noven', 'noven']","[100, 100], [100, 100]"
498,novo nordisk,"NOVO NORDISK, NOVO NORDISK INC","611, 612","['novo nordisk', 'novo nordisk'], ['novo nordisk', 'novo nordisk']","[100, 100], [100, 100]"
499,nps,NPS PHARMS INC,613,['nps'],[100]
500,nu,NU PHARM,614,['nu'],[100]
501,nuvo,"NUVO PHARM INC, NUVO PHARMS INC","615, 616","['nuvo', 'nuvo'], ['nuvo', 'nuvo']","[100, 100], [100, 100]"
502,nycomed,NYCOMED US,617,['nycomed'],[100]
503,oak,"OAK PHARMS, OAK PHARMS INC","618, 620","['oak', 'oak'], ['oak', 'oak']","[100, 100], [100, 100]"
504,oak akorn,OAK PHARMS AKORN,619,['oak akorn'],[100]
505,oc,OC PHARMA,621,['oc'],[100]
506,odyssey,ODYSSEY PHARMS,622,['odyssey'],[100]
507,ohm,"OHM LABS, OHM LABS INC","623, 624","['ohm', 'ohm'], ['ohm', 'ohm']","[100, 100], [100, 100]"
508,omeros,OMEROS,625,['omeros'],[100]
509,ony,ONY,626,['ony'],[100]
510,onyx therap,ONYX THERAP,627,['onyx therap'],[100]
511,orchid,ORCHID HLTHCARE,628,['orchid'],[100]
512,orexigen,OREXIGEN,629,['orexigen'],[100]
513,orexo,OREXO US INC,630,['orexo'],[100]
514,organon,ORGANON USA INC,632,['organon'],[100]
515,organon sub merck,ORGANON SUB MERCK,631,['organon sub merck'],[100]
516,orient,ORIENT PHARMA CO LTD,633,['orient'],[100]
517,orion,ORION PHARMA,635,['orion'],[100]
518,orion orion,ORION CORP ORION,634,['orion orion'],[100]
519,orit,ORIT LABS LLC,636,['orit'],[100]
520,orphan europe,ORPHAN EUROPE,637,['orphan europe'],[100]
521,ortho mcneil,ORTHO MCNEIL PHARM,638,['ortho mcneil'],[100]
522,osi,OSI PHARMS,639,['osi'],[100]
523,osmotica,"OSMOTICA, OSMOTICA PHARM, OSMOTICA PHARM CORP, OSMOTICA PHARM US","640, 641, 642, 643","['osmotica', 'osmotica', 'osmotica', 'osmotica'], ['osmotica', 'osmotica', 'osmotica', 'osmotica'], ['osmotica', 'osmotica', 'osmotica', 'osmotica'], ['osmotica', 'osmotica', 'osmotica', 'osmotica']","[100, 100, 100, 100], [100, 100, 100, 100], [100, 100, 100, 100], [100, 100, 100, 100]"
524,otonomy,OTONOMY INC,644,['otonomy'],[100]
525,otsuka,"OTSUKA, OTSUKA PHARM, OTSUKA PHARM CO LTD","645, 647, 648","['otsuka', 'otsuka', 'otsuka'], ['otsuka', 'otsuka', 'otsuka'], ['otsuka', 'otsuka', 'otsuka']","[100, 100, 100], [100, 100, 100], [100, 100, 100]"
526,otsuka america,OTSUKA AMERICA PHARM,646,['otsuka america'],[100]
527,outlook,OUTLOOK PHARMS,649,['outlook'],[100]
528,oxarc,OXARC INC,650,['oxarc'],[100]
529,oxford,OXFORD PHARMS,651,['oxford'],[100]
530,pacific,PACIFIC PHARMA,652,['pacific'],[100]
531,pacira,PACIRA PHARMS INC,653,['pacira'],[100]
532,paddock,"PADDOCK LABS, PADDOCK LLC","654, 655","['paddock', 'paddock'], ['paddock', 'paddock']","[100, 100], [100, 100]"
533,par,"PAR PHARM, PAR PHARM INC","657, 658","['par', 'par'], ['par', 'par']","[100, 100], [100, 100]"
534,par form,PAR FORM,656,['par form'],[100]
535,par sterile,PAR STERILE PRODUCTS,659,['par sterile'],[100]
536,paragon bioteck,PARAGON BIOTECK,660,['paragon bioteck'],[100]
537,parapro,PARAPRO LLC,661,['parapro'],[100]
538,parke davis,PARKE DAVIS,662,['parke davis'],[100]
539,parke-davis,PARKE-DAVIS,663,['parke-davis'],[100]
540,pediatrx,PEDIATRX,664,['pediatrx'],[100]
541,pernix ireland,PERNIX IRELAND LTD,665,['pernix ireland'],[100]
542,pernix ireland pain,PERNIX IRELAND PAIN,666,['pernix ireland pain'],[100]
543,pernix theraps,PERNIX THERAPS LLC,667,['pernix theraps'],[100]
544,perrigo,"PERRIGO, PERRIGO CO, PERRIGO PHARMA INTL, PERRIGO PHARMS CO","668, 669, 673, 674","['perrigo', 'perrigo', 'perrigo', 'perrigo'], ['perrigo', 'perrigo', 'perrigo', 'perrigo'], ['perrigo', 'perrigo', 'perrigo', 'perrigo'], ['perrigo', 'perrigo', 'perrigo', 'perrigo']","[100, 100, 100, 100], [100, 100, 100, 100], [100, 100, 100, 100], [100, 100, 100, 100]"
545,perrigo d,PERRIGO R AND D,675,['perrigo d'],[100]
546,perrigo israel,PERRIGO ISRAEL,671,['perrigo israel'],[100]
547,perrigo new york,PERRIGO NEW YORK,672,['perrigo new york'],[100]
548,perrigo tennessee,PERRIGO CO TENNESSEE,670,['perrigo tennessee'],[100]
549,perrigo uk finco,PERRIGO UK FINCO,676,['perrigo uk finco'],[100]
550,personal prods,PERSONAL PRODS,677,['personal prods'],[100]
551,petnet,PETNET,678,['petnet'],[100]
552,pf prism,PF PRISM CV,679,['pf prism'],[100]
553,pfizer,"PFIZER, PFIZER INC, PFIZER LABS, PFIZER PHARMS","680, 682, 684, 685","['pfizer', 'pfizer', 'pfizer', 'pfizer'], ['pfizer', 'pfizer', 'pfizer', 'pfizer'], ['pfizer', 'pfizer', 'pfizer', 'pfizer'], ['pfizer', 'pfizer', 'pfizer', 'pfizer']","[100, 100, 100, 100], [100, 100, 100, 100], [100, 100, 100, 100], [100, 100, 100, 100]"
554,pfizer cons,PFIZER CONS HLTHCARE,681,['pfizer cons'],[100]
555,pfizer ireland,PFIZER IRELAND,683,['pfizer ireland'],[100]
556,pharmachemie,PHARMACHEMIE BV,688,['pharmachemie'],[100]
557,pharmacia upjohn,"PHARMACIA AND UPJOHN, PHARMACIA UPJOHN","689, 690","['pharmacia upjohn', 'pharmacia upjohn'], ['pharmacia upjohn', 'pharmacia upjohn']","[100, 100], [100, 100]"
558,pharmacyclics,PHARMACYCLICS INC,691,['pharmacyclics'],[100]
559,pharmalucence,PHARMALUCENCE,692,['pharmalucence'],[100]
560,pharmanetwork,THE PHARMANETWORK,864,['pharmanetwork'],[100]
561,pharmascience,PHARMASCIENCE INC,693,['pharmascience'],[100]
562,pierre fabre,PIERRE FABRE,694,['pierre fabre'],[100]
563,pierre fabre derma,PIERRE FABRE DERMA,695,['pierre fabre derma'],[100]
564,pierrel,PIERREL,696,['pierrel'],[100]
565,pii,PII,697,['pii'],[100]
566,piramal critical,PIRAMAL CRITICAL,698,['piramal critical'],[100]
567,piramal imaging,PIRAMAL IMAGING,699,['piramal imaging'],[100]
568,pliva,PLIVA,700,['pliva'],[100]
569,pliva hrvatska,PLIVA HRVATSKA DOO,701,['pliva hrvatska'],[100]
570,plx,PLX PHARMA,702,['plx'],[100]
571,pohl boskamp,POHL BOSKAMP,703,['pohl boskamp'],[100]
572,powder,POWDER PHARMS,704,['powder'],[100]
573,pragma,PRAGMA PHARMS LLC,705,['pragma'],[100]
574,praxair,PRAXAIR INC,709,['praxair'],[100]
575,praxair canada,PRAXAIR CANADA INC,706,['praxair canada'],[100]
576,praxair distribution,PRAXAIR DISTRIBUTION INC,707,['praxair distribution'],[100]
577,praxair distribution mid-atlantic,PRAXAIR DISTRIBUTION MID-ATLANTIC LLC,708,['praxair distribution mid-atlantic'],[100]
578,precision dermat,PRECISION DERMAT,710,['precision dermat'],[100]
579,precision nuclear,PRECISION NUCLEAR,711,['precision nuclear'],[100]
580,prinston,PRINSTON INC,712,['prinston'],[100]
581,prof dspls,PROF DSPLS,713,['prof dspls'],[100]
582,promius,PROMIUS PHARMA,714,['promius'],[100]
583,provensis,PROVENSIS,715,['provensis'],[100]
584,pulmoflow,PULMOFLOW INC,716,['pulmoflow'],[100]
585,puracap,PURACAP PHARM LLC,717,['puracap'],[100]
586,purdue,"PURDUE PHARMA, PURDUE PHARMA LP","718, 719","['purdue', 'purdue'], ['purdue', 'purdue']","[100, 100], [100, 100]"
587,"purity cylinder gases,","PURITY CYLINDER GASES, INC",720,"['purity cylinder gases,']",[100]
588,qilu,QILU PHARM CO LTD,721,['qilu'],[100]
589,qol medcl,QOL MEDCL,722,['qol medcl'],[100]
590,queen hamamatsu pet,QUEEN HAMAMATSU PET,723,['queen hamamatsu pet'],[100]
591,r,R2 PHARMA LLC,725,['r'],[100]
592,r-pharm,R-PHARM US LLC,724,['r-pharm'],[100]
593,ranbaxy,"RANBAXY, RANBAXY LABS LTD","726, 727","['ranbaxy', 'ranbaxy'], ['ranbaxy', 'ranbaxy']","[100, 100], [100, 100]"
594,reckitt benckiser,RECKITT BENCKISER,728,['reckitt benckiser'],[100]
595,recordati rare,RECORDATI RARE,729,['recordati rare'],[100]
596,recro gainesville,RECRO GAINESVILLE,730,['recro gainesville'],[100]
597,reddys,REDDYS,731,['reddys'],[100]
598,regeneron,REGENERON PHARMACEUTICALS,732,['regeneron'],[100]
599,reliant,RELIANT HOLDINGS LTD,733,['reliant'],[100]
600,relypsa,RELYPSA INC,734,['relypsa'],[100]
601,rempex,REMPEX PHARMS INC,735,['rempex'],[100]
602,renaissance ssa,RENAISSANCE SSA LLC,736,['renaissance ssa'],[100]
603,repository,ANDA REPOSITORY,95,['repository'],[100]
604,res software,PHARMA RES SOFTWARE,687,['res software'],[100]
605,rhodes,RHODES PHARMS,737,['rhodes'],[100]
606,riconpharma,RICONPHARMA LLC,738,['riconpharma'],[100]
607,rising,RISING PHARMS INC,739,['rising'],[100]
608,ritedose,RITEDOSE CORP,740,['ritedose'],[100]
609,roche,ROCHE,741,['roche'],[100]
610,roche palo,ROCHE PALO,742,['roche palo'],[100]
611,rockwell,ROCKWELL MEDICAL INC,744,['rockwell'],[100]
612,rockwell medcl,ROCKWELL MEDCL,743,['rockwell medcl'],[100]
613,romark,ROMARK,745,['romark'],[100]
614,roxane,ROXANE,746,['roxane'],[100]
615,rtrx,RTRX,747,['rtrx'],[100]
616,rubicon res,RUBICON RES PVT LTD,748,['rubicon res'],[100]
617,sage prods,SAGE PRODS,749,['sage prods'],[100]
618,sagent,SAGENT PHARMS,752,['sagent'],[100]
619,sagent agila,"SAGENT AGILA, SAGENT AGILA LLC","750, 751","['sagent agila', 'sagent agila'], ['sagent agila', 'sagent agila']","[100, 100], [100, 100]"
620,sagent strides,SAGENT STRIDES,753,['sagent strides'],[100]
621,salix,SALIX PHARMS,754,['salix'],[100]
622,samson medcl,SAMSON MEDCL,755,['samson medcl'],[100]
623,sandoz,"SANDOZ, SANDOZ INC","756, 757","['sandoz', 'sandoz'], ['sandoz', 'sandoz']","[100, 100], [100, 100]"
624,sanofi,"SANOFI US, SANOFI US SERVICES","761, 762","['sanofi', 'sanofi'], ['sanofi', 'sanofi']","[100, 100], [100, 100]"
625,sanofi aventis,"SANOFI AVENTIS, SANOFI AVENTIS US","758, 759","['sanofi aventis', 'sanofi aventis'], ['sanofi aventis', 'sanofi aventis']","[100, 100], [100, 100]"
626,sanofi synthelabo,SANOFI SYNTHELABO,760,['sanofi synthelabo'],[100]
627,sanofi-aventis,SANOFI-AVENTIS US,763,['sanofi-aventis'],[100]
628,santarus,SANTARUS INC,764,['santarus'],[100]
629,santen,SANTEN,765,['santen'],[100]
630,santos biotech,SANTOS BIOTECH,766,['santos biotech'],[100]
631,saol theraps res,SAOL THERAPS RES LTD,767,['saol theraps res'],[100]
632,sb pharmco,SB PHARMCO,768,['sb pharmco'],[100]
633,schering,SCHERING,769,['schering'],[100]
634,sciegen,SCIEGEN PHARMS INC,770,['sciegen'],[100]
635,scios,SCIOS LLC,771,['scios'],[100]
636,scott-gross,SCOTT-GROSS COMPANY,772,['scott-gross'],[100]
637,seattle genetics,SEATTLE GENETICS,773,['seattle genetics'],[100]
638,sebela ireland,SEBELA IRELAND LTD,774,['sebela ireland'],[100]
639,secan,SECAN PHARMS,775,['secan'],[100]
640,sentynl theraps,SENTYNL THERAPS INC,776,['sentynl theraps'],[100]
641,septodont,SEPTODONT,777,['septodont'],[100]
642,septodont holding,SEPTODONT HOLDING,778,['septodont holding'],[100]
643,serb,SERB SA,779,['serb'],[100]
644,serono,SERONO INC,780,['serono'],[100]
645,seton,SETON PHARM,781,['seton'],[100]
646,shanghai hengrui,SHANGHAI HENGRUI,782,['shanghai hengrui'],[100]
647,shenzhen techdow,SHENZHEN TECHDOW,783,['shenzhen techdow'],[100]
648,shertech,SHERTECH LABS LLC,784,['shertech'],[100]
649,shionogi,SHIONOGI INC,785,['shionogi'],[100]
650,shire,"SHIRE, SHIRE LLC","786, 790","['shire', 'shire'], ['shire', 'shire']","[100, 100], [100, 100]"
651,shire dev,SHIRE DEV LLC,787,['shire dev'],[100]
652,shire development,SHIRE DEVELOPMENT,788,['shire development'],[100]
653,shire human genetic,SHIRE HUMAN GENETIC,789,['shire human genetic'],[100]
654,shire orphan therap,SHIRE ORPHAN THERAP,791,['shire orphan therap'],[100]
655,sicor biotech,SICOR BIOTECH,792,['sicor biotech'],[100]
656,sidmak india,SIDMAK LABS INDIA,793,['sidmak india'],[100]
657,sigma tau,SIGMA TAU,794,['sigma tau'],[100]
658,sigmapharm,SIGMAPHARM LABS LLC,795,['sigmapharm'],[100]
659,silarx,"SILARX, SILARX PHARMS INC","796, 797","['silarx', 'silarx'], ['silarx', 'silarx']","[100, 100], [100, 100]"
660,silvergate,SILVERGATE PHARMS,798,['silvergate'],[100]
661,skinmedica,SKINMEDICA,799,['skinmedica'],[100]
662,skyepharma,SKYEPHARMA AG,800,['skyepharma'],[100]
663,smithkline beecham,SMITHKLINE BEECHAM,801,['smithkline beecham'],[100]
664,sofgen,SOFGEN PHARMS,802,['sofgen'],[100]
665,sofie,SOFIE,803,['sofie'],[100]
666,somerset,SOMERSET,804,['somerset'],[100]
667,somerset theraps,SOMERSET THERAPS LLC,805,['somerset theraps'],[100]
668,sovereign,SOVEREIGN PHARMS,806,['sovereign'],[100]
669,spear,SPEAR PHARMS,807,['spear'],[100]
670,specgx,SPECGX LLC,808,['specgx'],[100]
671,spectron mrc,SPECTRON MRC LLC,809,['spectron mrc'],[100]
672,spectrum,SPECTRUM PHARMS,810,['spectrum'],[100]
673,spriaso,SPRIASO LLC,811,['spriaso'],[100]
674,sprout,SPROUT PHARMS,812,['sprout'],[100]
675,star fl,STAR PHARMS FL,813,['star fl'],[100]
676,stevens j,STEVENS J,814,['stevens j'],[100]
677,sti,STI PHARMA LLC,815,['sti'],[100]
678,stiefel,"STIEFEL, STIEFEL LABS INC","816, 817","['stiefel', 'stiefel'], ['stiefel', 'stiefel']","[100, 100], [100, 100]"
679,strata innovations,STRATA MEDICAL INNOVATIONS,818,['strata innovations'],[100]
680,strides,STRIDES PHARMA,820,['strides'],[100]
681,strides arcolab,STRIDES ARCOLAB LTD,819,['strides arcolab'],[100]
682,strongbridge,STRONGBRIDGE US,821,['strongbridge'],[100]
683,sucampo,SUCAMPO PHARMA LLC,822,['sucampo'],[100]
684,sun global,SUN PHARMA GLOBAL,828,['sun global'],[100]
685,sun inds,"SUN PHARM INDS, SUN PHARM INDS (IN), SUN PHARM INDS INC, SUN PHARM INDS LTD","823, 824, 825, 826","['sun inds', 'sun inds', 'sun inds', 'sun inds'], ['sun inds', 'sun inds', 'sun inds', 'sun inds'], ['sun inds', 'sun inds', 'sun inds', 'sun inds'], ['sun inds', 'sun inds', 'sun inds', 'sun inds']","[100, 100, 100, 100], [100, 100, 100, 100], [100, 100, 100, 100], [100, 100, 100, 100]"
686,sun industries,SUN PHARM INDUSTRIES,827,['sun industries'],[100]
687,sunovion,"SUNOVION, SUNOVION PHARMS INC","829, 830","['sunovion', 'sunovion'], ['sunovion', 'sunovion']","[100, 100], [100, 100]"
688,sunstar americas,SUNSTAR AMERICAS,831,['sunstar americas'],[100]
689,supernus,SUPERNUS PHARMS,832,['supernus'],[100]
690,swedish orphan,SWEDISH ORPHAN,833,['swedish orphan'],[100]
691,symplmed,SYMPLMED PHARMS LLC,834,['symplmed'],[100]
692,synthon,SYNTHON PHARMS,835,['synthon'],[100]
693,taiho oncology,TAIHO ONCOLOGY,836,['taiho oncology'],[100]
694,takeda,TAKEDA PHARMS USA,837,['takeda'],[100]
695,talon therap,TALON THERAP,838,['talon therap'],[100]
696,taro,"TARO, TARO PHARM, TARO PHARMS","839, 840, 842","['taro', 'taro', 'taro'], ['taro', 'taro', 'taro'], ['taro', 'taro', 'taro']","[100, 100, 100], [100, 100, 100], [100, 100, 100]"
697,taro inds,TARO PHARM INDS,841,['taro inds'],[100]
698,taro ireland,TARO PHARMS IRELAND,843,['taro ireland'],[100]
699,taro north,TARO PHARMS NORTH,844,['taro north'],[100]
700,tasman,TASMAN PHARMA,845,['tasman'],[100]
701,tech organized,TECH ORGANIZED,846,['tech organized'],[100]
702,tedor,TEDOR PHARM,847,['tedor'],[100]
703,teikoku,TEIKOKU PHARMA USA,848,['teikoku'],[100]
704,teligent,"TELIGENT, TELIGENT PHARMA INC","849, 850","['teligent', 'teligent'], ['teligent', 'teligent']","[100, 100], [100, 100]"
705,tersera theraps,TERSERA THERAPS LLC,851,['tersera theraps'],[100]
706,tesaro,TESARO INC,852,['tesaro'],[100]
707,teva,"TEVA, TEVA PHARMS, TEVA PHARMS INTL, TEVA PHARMS USA, TEVA PHARMS USA INC","853, 856, 857, 858, 859","['teva', 'teva', 'teva', 'teva', 'teva'], ['teva', 'teva', 'teva', 'teva', 'teva'], ['teva', 'teva', 'teva', 'teva', 'teva'], ['teva', 'teva', 'teva', 'teva', 'teva'], ['teva', 'teva', 'teva', 'teva', 'teva']","[100, 100, 100, 100, 100], [100, 100, 100, 100, 100], [100, 100, 100, 100, 100], [100, 100, 100, 100, 100], [100, 100, 100, 100, 100]"
708,teva branded,TEVA BRANDED PHARM,854,['teva branded'],[100]
709,teva parenteral,TEVA PARENTERAL,855,['teva parenteral'],[100]
710,teva womens,TEVA WOMENS,860,['teva womens'],[100]
711,thepharmanetwork,THEPHARMANETWORK LLC,865,['thepharmanetwork'],[100]
712,theratechnologies,THERATECHNOLOGIES,866,['theratechnologies'],[100]
713,theravance,THERAVANCE INC,868,['theravance'],[100]
714,theravance biopharma,THERAVANCE BIOPHARMA,867,['theravance biopharma'],[100]
715,"thrombogenics,","THROMBOGENICS, INC",869,"['thrombogenics,']",[100]
716,tolmar,TOLMAR,870,['tolmar'],[100]
717,tolmar therap,TOLMAR THERAP,871,['tolmar therap'],[100]
718,torrent,"TORRENT PHARMA INC, TORRENT PHARMS, TORRENT PHARMS LLC, TORRENT PHARMS LTD","872, 873, 874, 875","['torrent', 'torrent', 'torrent', 'torrent'], ['torrent', 'torrent', 'torrent', 'torrent'], ['torrent', 'torrent', 'torrent', 'torrent'], ['torrent', 'torrent', 'torrent', 'torrent']","[100, 100, 100, 100], [100, 100, 100, 100], [100, 100, 100, 100], [100, 100, 100, 100]"
719,tris,TRIS PHARMA INC,876,['tris'],[100]
720,trustees univ,TRUSTEES UNIV PA,877,['trustees univ'],[100]
721,twi,TWI PHARMS INC,878,['twi'],[100]
722,ucb,UCB INC,879,['ucb'],[100]
723,ucla biomedical,UCLA BIOMEDICAL,880,['ucla biomedical'],[100]
724,ucsf rodiopharm,UCSF RODIOPHARM,881,['ucsf rodiopharm'],[100]
725,uihc pet imaging,UIHC PET IMAGING,882,['uihc pet imaging'],[100]
726,unichem,"UNICHEM, UNICHEM LABS LTD, UNICHEM PHARMS (USA)","883, 884, 885","['unichem', 'unichem', 'unichem'], ['unichem', 'unichem', 'unichem'], ['unichem', 'unichem', 'unichem']","[100, 100, 100], [100, 100, 100], [100, 100, 100]"
727,unimark remedies,UNIMARK REMEDIES LTD,886,['unimark remedies'],[100]
728,unique,UNIQUE PHARM LABS,887,['unique'],[100]
729,united biomedcl,UNITED BIOMEDCL,888,['united biomedcl'],[100]
730,united guardian,UNITED GUARDIAN,889,['united guardian'],[100]
731,united states welding,UNITED STATES WELDING INC,890,['united states welding'],[100]
732,united therap,UNITED THERAP,891,['united therap'],[100]
733,univ michigan,UNIV MICHIGAN,892,['univ michigan'],[100]
734,univ north dakota,UNIV NORTH DAKOTA,893,['univ north dakota'],[100]
735,univ tx md anderson,UNIV TX MD ANDERSON,894,['univ tx md anderson'],[100]
736,univ utah cyclotron,UNIV UTAH CYCLOTRON,895,['univ utah cyclotron'],[100]
737,upsher-smith,UPSHER-SMITH LABS,896,['upsher-smith'],[100]
738,usl,USL PHARMA,902,['usl'],[100]
739,uspharma,USPHARMA,903,['uspharma'],[100]
740,usv north america,USV NORTH AMERICA,904,['usv north america'],[100]
741,valeant,"VALEANT, VALEANT INTL, VALEANT PHARM INTL, VALEANT PHARMS, VALEANT PHARMS INC, VALEANT PHARMS INTL, VALEANT PHARMS LLC","905, 907, 909, 910, 911, 912, 913","['valeant', 'valeant', 'valeant', 'valeant', 'valeant', 'valeant', 'valeant'], ['valeant', 'valeant', 'valeant', 'valeant', 'valeant', 'valeant', 'valeant'], ['valeant', 'valeant', 'valeant', 'valeant', 'valeant', 'valeant', 'valeant'], ['valeant', 'valeant', 'valeant', 'valeant', 'valeant', 'valeant', 'valeant'], ['valeant', 'valeant', 'valeant', 'valeant', 'valeant', 'valeant', 'valeant'], ['valeant', 'valeant', 'valeant', 'valeant', 'valeant', 'valeant', 'valeant'], ['valeant', 'valeant', 'valeant', 'valeant', 'valeant', 'valeant', 'valeant']","[100, 100, 100, 100, 100, 100, 100], [100, 100, 100, 100, 100, 100, 100], [100, 100, 100, 100, 100, 100, 100], [100, 100, 100, 100, 100, 100, 100], [100, 100, 100, 100, 100, 100, 100], [100, 100, 100, 100, 100, 100, 100], [100, 100, 100, 100, 100, 100, 100]"
742,valeant bermuda,VALEANT BERMUDA,906,['valeant bermuda'],[100]
743,valeant luxembourg,VALEANT LUXEMBOURG,908,['valeant luxembourg'],[100]
744,valeant north,VALEANT PHARMS NORTH,914,['valeant north'],[100]
745,validus,VALIDUS PHARMS,915,['validus'],[100]
746,vanda,VANDA PHARMS INC,916,['vanda'],[100]
747,veloxis,VELOXIS PHARMS INC,917,['veloxis'],[100]
748,vernalis,VERNALIS R AND D LTD,918,['vernalis'],[100]
749,veroscience,VEROSCIENCE,919,['veroscience'],[100]
750,vertex,"VERTEX PHARMS, VERTEX PHARMS INC","920, 921","['vertex', 'vertex'], ['vertex', 'vertex']","[100, 100], [100, 100]"
751,vib,VIB,922,['vib'],[100]
752,vicuron,VICURON,923,['vicuron'],[100]
753,vidara therapeutics research,VIDARA THERAPEUTICS RESEARCH LTD,924,['vidara therapeutics research'],[100]
754,vifor fresenius,VIFOR FRESENIUS,925,['vifor fresenius'],[100]
755,viiv,VIIV HLTHCARE,926,['viiv'],[100]
756,vintage,"VINTAGE, VINTAGE PHARMS, VINTAGE PHARMS LLC","927, 928, 929","['vintage', 'vintage', 'vintage'], ['vintage', 'vintage', 'vintage'], ['vintage', 'vintage', 'vintage']","[100, 100, 100], [100, 100, 100], [100, 100, 100]"
757,virtus,"VIRTUS PHARM, VIRTUS PHARMS","930, 931","['virtus', 'virtus'], ['virtus', 'virtus']","[100, 100], [100, 100]"
758,vistapharm,VISTAPHARM,932,['vistapharm'],[100]
759,viva,VIVA HLTHCARE,933,['viva'],[100]
760,vivimed global,VIVIMED GLOBAL,934,['vivimed global'],[100]
761,vivus,VIVUS,935,['vivus'],[100]
762,wa univ sch med,WA UNIV SCH MED,936,['wa univ sch med'],[100]
763,warner chilcott,WARNER CHILCOTT,937,['warner chilcott'],[100]
764,watson,"WATSON LABS, WATSON LABS INC, WATSON PHARMS INC","938, 939, 941","['watson', 'watson', 'watson'], ['watson', 'watson', 'watson'], ['watson', 'watson', 'watson']","[100, 100, 100], [100, 100, 100], [100, 100, 100]"
765,watson teva,"WATSON LABS TEVA, WATSON PHARMS TEVA","940, 942","['watson teva', 'watson teva'], ['watson teva', 'watson teva']","[100, 100], [100, 100]"
766,welding gas,AMERICAN WELDING AND GAS INC,79,['welding gas'],[100]
767,wellstat therap,WELLSTAT THERAP,943,['wellstat therap'],[100]
768,west ward,WEST WARD PHARM CORP,944,['west ward'],[100]
769,west-ward int,WEST-WARD PHARMS INT,945,['west-ward int'],[100]
770,westair gases&equipment,WESTAIR GASES & EQUIPMENT INC,946,['westair gases&equipment'],[100]
771,wi medcl cyclotron,WI MEDCL CYCLOTRON,947,['wi medcl cyclotron'],[100]
772,wilshire,WILSHIRE PHARMS INC,948,['wilshire'],[100]
773,windlas,WINDLAS HLTHCARE,949,['windlas'],[100]
774,windtree therap,WINDTREE THERAP,950,['windtree therap'],[100]
775,wockhardt,"WOCKHARDT, WOCKHARDT LTD, WOCKHARDT USA","951, 953, 954","['wockhardt', 'wockhardt', 'wockhardt'], ['wockhardt', 'wockhardt', 'wockhardt'], ['wockhardt', 'wockhardt', 'wockhardt']","[100, 100, 100], [100, 100, 100], [100, 100, 100]"
776,wockhardt bio,WOCKHARDT BIO AG,952,['wockhardt bio'],[100]
777,worldmeds,"US WORLDMEDS, US WORLDMEDS LLC","900, 901","['worldmeds', 'worldmeds'], ['worldmeds', 'worldmeds']","[100, 100], [100, 100]"
778,wraser,WRASER PHARMS LLC,955,['wraser'],[100]
779,wusm cyclotron,WUSM CYCLOTRON,956,['wusm cyclotron'],[100]
780,wyeth,WYETH PHARMS INC,957,['wyeth'],[100]
781,wyeth pfizer,WYETH PHARMS PFIZER,958,['wyeth pfizer'],[100]
782,"wynn mader, industrial gas distributors","WYNN L MADER, INDUSTRIAL GAS DISTRIBUTORS",959,"['wynn mader, industrial gas distributors']",[100]
783,x gen,X GEN PHARMS,960,['x gen'],[100]
784,x-gen,X-GEN PHARMS INC,961,['x-gen'],[100]
785,xellia,XELLIA PHARMS APS,962,['xellia'],[100]
786,xspire,XSPIRE PHARMA,963,['xspire'],[100]
787,xttrium,XTTRIUM,964,['xttrium'],[100]
788,yabao,YABAO PHARM,965,['yabao'],[100]
789,yaopharma,YAOPHARMA CO LTD,966,['yaopharma'],[100]
790,yung shin,YUNG SHIN PHARM,967,['yung shin'],[100]
791,zambon,ZAMBON SPA,968,['zambon'],[100]
792,zevacor,ZEVACOR PHARMA INC,969,['zevacor'],[100]
793,zo skin,ZO SKIN HEALTH,970,['zo skin'],[100]
794,zydus,"ZYDUS HLTHCARE, ZYDUS PHARMS USA, ZYDUS PHARMS USA INC","971, 972, 973","['zydus', 'zydus', 'zydus'], ['zydus', 'zydus', 'zydus'], ['zydus', 'zydus', 'zydus']","[100, 100, 100], [100, 100, 100], [100, 100, 100]"
795,zydus worldwide,ZYDUS WORLDWIDE,974,['zydus worldwide'],[100]
